{
  "Demographics" : {
    "transaction" : "Demographics",
    "sampleCount" : 2000,
    "errorCount" : 569,
    "errorPct" : 28.45,
    "meanResTime" : 4574.9945000000025,
    "medianResTime" : 3226.0,
    "minResTime" : 674.0,
    "maxResTime" : 25345.0,
    "pct1ResTime" : 9855.9,
    "pct2ResTime" : 11910.599999999999,
    "pct3ResTime" : 13287.8,
    "throughput" : 74.86991352524988,
    "receivedKBytesPerSec" : 556.2214924030435,
    "sentKBytesPerSec" : 10.429327773462358
  },
  "Health Finance" : {
    "transaction" : "Health Finance",
    "sampleCount" : 2000,
    "errorCount" : 179,
    "errorPct" : 8.95,
    "meanResTime" : 2254.420499999998,
    "medianResTime" : 1875.0,
    "minResTime" : 198.0,
    "maxResTime" : 15034.0,
    "pct1ResTime" : 4320.100000000004,
    "pct2ResTime" : 8066.149999999993,
    "pct3ResTime" : 8849.750000000002,
    "throughput" : 78.56385277133991,
    "receivedKBytesPerSec" : 584.6255450367286,
    "sentKBytesPerSec" : 11.278209333385709
  },
  "Total" : {
    "transaction" : "Total",
    "sampleCount" : 8000,
    "errorCount" : 1032,
    "errorPct" : 12.9,
    "meanResTime" : 2739.522750000002,
    "medianResTime" : 1876.0,
    "minResTime" : 198.0,
    "maxResTime" : 25345.0,
    "pct1ResTime" : 7530.700000000002,
    "pct2ResTime" : 9631.849999999999,
    "pct3ResTime" : 12435.389999999987,
    "throughput" : 289.8235699018223,
    "receivedKBytesPerSec" : 2155.8085072840813,
    "sentKBytesPerSec" : 41.509478419465275
  },
  "Health Facility" : {
    "transaction" : "Health Facility",
    "sampleCount" : 2000,
    "errorCount" : 225,
    "errorPct" : 11.25,
    "meanResTime" : 2632.977,
    "medianResTime" : 2061.0,
    "minResTime" : 214.0,
    "maxResTime" : 15969.0,
    "pct1ResTime" : 6449.8,
    "pct2ResTime" : 8587.14999999999,
    "pct3ResTime" : 9687.97,
    "throughput" : 76.01383451788226,
    "receivedKBytesPerSec" : 565.6498232678348,
    "sentKBytesPerSec" : 10.837909999619932
  },
  "Disease Surveillance" : {
    "transaction" : "Disease Surveillance",
    "sampleCount" : 2000,
    "errorCount" : 59,
    "errorPct" : 2.95,
    "meanResTime" : 1495.6990000000012,
    "medianResTime" : 1563.0,
    "minResTime" : 200.0,
    "maxResTime" : 8554.0,
    "pct1ResTime" : 2177.8,
    "pct2ResTime" : 3625.099999999993,
    "pct3ResTime" : 7524.030000000001,
    "throughput" : 83.5282325425994,
    "receivedKBytesPerSec" : 621.5675116939526,
    "sentKBytesPerSec" : 12.317151478449716
  }
}